stage,rank,score,ptm,plddt,chromo,parent,seq
Initial,1,0.892,0.8839,0.8818,0.9129,r1_p1,MTEGEEKLKGVVPVKINIDGDVDGNKFKIKGEGEINFDTGDLKITFEVTEGKLPLPPEILAILASYGILQLAARPETDPLRQRLAELLPQGFRLERIVEIEGFGRFRLVSDIYFDGDTLVNDQKLEGLERPPGLPLYDEKTKLTLEVSDVKVTPDPENNGWVVTRTFTFKYEGSDEVIKLTTRETLPAAPAPADEPRVLTLELSLPLSPDKSNPRPVTIVIEEEPPLPLPVPPELLER
Initial,2,0.8891,0.8887,0.8679,0.9109,r1_p1,MTPGEEKCKGVVPVKINLDGDVDGNKFKVEGEGEVDFDTGKLKIKFKVTEGKLPLPPELIAVIASYGILRLAAQPADDPLRQHLLELLPQGFLLRRIVTIEGYGTFEVTSKIYFDGDTLVNDIELKGLDRPAGLPLYDEPTVLELEVSDVKVTPDPENDGYVRTRRLTFRYEGSDRVIELTLEETLPRAPAPLGEPRRLTLTLSLPTSPDESAPRPVTVTIEDLPPLPLPVPPELLLK
Initial,3,0.8883,0.8873,0.8735,0.9045,r1_p1,MTEGELKCKGVVPVKINIDGDVDGNKFKVVGEGEADFDTGDLKITFEVTEGKLPLHPEIIAILSSYGIQRLAAQPPDDPLRQRLLTLLPQGFLLRRTVTIDGLGTFRLESKIYFDGDTLVNDIKLTGLDVPPGIPLYATPTVLTLEVSNVEWRPDPAADGWLRTATYTFKYKGSDEVIELTLRERLPRAPAPPDAPRVTTLELSLPLSKDKSSPKPVIVRLEDEPPLPLPVPPELLLR
Initial,4,0.8855,0.8842,0.8645,0.9083,r1_p1,MTPGEKKCQGVVPVKINLKGDVDGNKFKVVGEGEVDFDTGDLKVTFKLTEGKLPLPPELVAVLASYGILRLAAQPADDPLRQRLLALLPQGFRLRRTVEIEGFGRYELVTDIYFDGDTLVADQELKGLETPPGLPLPEEPTVLTLEVSDVKWTPDPAANGYVRTRTLTFHYEGSSRVITLTTRETLSREPAPADAPRVLVLELSLPLSEDPSSPKPVTVRLEEEPPLPLPVPPELLLE
Initial,5,0.8831,0.8823,0.8634,0.9037,r1_p1,MTPGERRLQGVVPVRIHLRGDVEGNRFTVTGTGEADFDTGDLRVTFTVTSGQLPLPPELLAVLASYGVLRLAAQPADDPERQRLAALLPRGFLLRRRVRIEGLGEFELRTRIYFDGDTLVADIELRGLAVPPGLPLVGEPTTLTLEVSDVRWEPDPERNGYLRRRRLTFRYEGSDRVIELTLEEVLPREPAPPDAPRRLTLRLELPLDPDESNPKPVVVELEDAPPLPLPVPPELLAR
Initial,6,0.8801,0.8779,0.8569,0.9062,r1_p1,MTPGERRCRGVVPVRIRLDGDVDGNRFRVVGEGEVDFDTGDLVVTFRVTEGQLPLPPELVAVLASYGILRLAAQPADDPLRQRLLRLLPQGFELRRTVTIDGYGRFELVSRIYFDGDTLVNDIELRGLEVPEGLPLYSTPTTLTLEVSDVQWTPDPENNGWLRTRTHRFRYEGSPRVVELTTNEVISAAPDPLAKPRRLTLTLSLPLSPDASRPRPVTVTLEEEPPLPLPVPPELLLR
Local R1,1,0.9046,0.8953,0.8896,0.9321,local_p2,MTPGEKKLTGVVPVKINLDGDVGGNRFTVTGEGEVDFDTGDLKVDFTTTSGRLPLPPELVAILASYGVMRLAGRPADDPRRRRLVALLPQGFRLERVVTIEGYGTFRLVSDIYFDGDTLVNDITLEGLDVPAGLPLYPAPKKLTMEVSNRTITPDPANNGRLVTRTLTFRYEGSDRVITLTLTERLPGEEPPPGEPLRETLTVNLLPSPTDPTPVPVTITIETAPPLPLPVPPELLLR
Local R1,2,0.903,0.8923,0.8916,0.9286,local_p1,MTEGEKKLQGVVPVKIILDGDVDGNKFKVVGEGEINFDTGDLTVTFEVTEGKLPLPPELLSILLSYGIMTLAWLPKDHPLRKHRAELLPQGFRVTRTVTIEGFGTFRLVSDIYFDGDTLVNEQTLTGLERPAGLPLYDEKRKLTLTVSDVKVEPDPETNGLVVTFTATFKWEGSDEVIVIKGTLTLPGEPPPPDAPRTLTLELSLPLSPDTSKPQPVTITIEEAPAEPLPTPPELLLQ
Local R1,3,0.9003,0.8882,0.8861,0.9305,local_p2,MTPGEEKLTGVVPVRIRLRGDVRGNRFEVVGEGEADFDTGDLVVTFRTTAGLLPLPPELVALLASYGILRLAGQPADNPLRQYRVELLPQGYLERRRVTIEGYGTFELESRIYFDGDTLVNEITLRGLDVPAGLPLYPPLPALRMEVSDRKIEPDPENDGYLVTRKLTFTVEGSDEVVELTLTERLPRTPPPRGEPLRLTLTVNLKPSPTDPTPVPVTIVIEEAPPLPLPVPPELLLR
Local R1,4,0.9001,0.8899,0.8873,0.9264,local_p1,MTPGEEKLKGVVPVKINIDGDVNGNKFKVTGEGEVNFDTGDLTVTFEVTEGKLPLPPELLAILASYGILQLAVLPADHPLRQHRAALLPRGFRVDRVVTIEGYGRFRLVSDIYFDGDTLVNDQTLEGLEVPEGLPLYDEKRKLTLTVSDVRVEPDPATDGLRITFTATFKREGSDEVITVTATLTLPGTPPPPDAPRTLTLTLSLPLSPDTSKPQPVTITIEEAPARPLPTPLEELLE
Local R1,5,0.8981,0.8886,0.8855,0.9235,local_p1,MTEGERRLRGVVPVRIVVDGDVDGQRFRVVGEGEVNFDTGDLTVTFRVTEGRLPLPPELLALLASYGIMRLAFLPADHPLRQHLARLLPQGFRRERVVTIEGYGRFRLVSDIYFDGDTLVSDQRLEGLERPAGLPLYDETRALTLTVSDVKVEPDPETNGLIVTFTATFTREGSDEVTTVTATLRLPGPPPPPDEPRTLTLTLSLPLSEDTSKPQPVTITIEEAPARPLPLPPELLLL
Local R1,6,0.8968,0.8879,0.8862,0.9193,local_p2,MTEGERRLRGVVPVRIDLDGDVGGNRFRVVGEGEVDFDTGDLTVTFRVTEGRLPLPPELVALLASYGVLRLAGQPADDPRRQRLVALLPQGFRLERVVTIEGYGTFRLVSDIRFDGDTLVNDIRLEGLDVPAGLPLYPPLPALTMVVSDRTITPDPAADGLVVTRTLTFTVEGSDRVVTLTLTERLPGRAPPWGEPLRRTLTLDLPPSPTDPTPVPVTVTVEELPPLPLPVPPELLLR
Local R2,1,0.9291,0.918,0.9199,0.953,r2_p1,MAPGALPLTGVRPVKIHLDGDVNGNKFTVEGEGEADFDTGDLEVTFTTKSGQLPLPPELVALLASYGVLLLAGLPADDPRRQELEALLPRGFRLERTVTIEGYGTFRLTSDIRLDGDTLVNDNTLTGLDVPEGQPLYPAPEELKMVVSNLTRAPDPANGGTLLTRTLTFTYKGSDRVLTLTLVTTLPGAAPPPGEPLRLTLTVDLYPSPDDPTPVPVTIVIEEAPPRPLPLPPEELLR
Local R2,2,0.9196,0.9076,0.9117,0.9436,r2_p1,MAPGERPLTGVIPVRIRLKGDVKGNKFEVVGEGEADFDTGALRITFTTTSGKLPLPPELIALLASYGILLLAGLPKDDPRRQELEALLPDGFELDRTVTIEGYGTFRLTSRIYFDGDTLVNDVTLEGLDVPEGQPLYEAPEELVMEVSDLTIAPDPENGGTILTRTLTFRYKGSDRVITMTLTTRIPGAAPPPGEPLRLTLTVDLLPSPDDPTPVPVTIVVETAPPRPLPRPPALLLL
Local R2,3,0.9135,0.9007,0.9026,0.9416,r2_p1,MAPGERVLSGVIPVKINLDGDVKGNKFKVVGEGEADFDTGDLTITFTTTEGKLPLPPELVCLLASYGVLLLAGLPRDDPRRRELESLLPQGFRLERTVTIEGYGTFTLTSDIYFDGDTLVNDNTLKGVDVPEGIPLYEAPKELKMVVSDRTLAPDPANGGTLLTYTLTFTYEGSDRVETLTLTLTLPGAAPPPGEPLRETLTLDLYPSPDDPTKVPVTITVETAPPKPLPLPEELLLL
Local R2,4,0.913,0.9002,0.9027,0.9404,r2_p1,MPPGMRELTGVIPVKINLKGDVKGNKFEVVGEGEANFDTGDLTITFTTKSGKLPLPPELAAILASYGVLRLAGLPRDDPRRQELESLLPVGYREDRTVTIEGYGTFKLTSDIYFDGDTLVNDNTLEGLDVPEGIPLYPAPKELKMVVSNRTITPNPENGGRILTYTLTFTYEGSDRVITLTLTWTLPGEAPPPGEPLVETLTLDLYPSPDDPTKVPVTITIETAPPQPLPLPAALLLL
Local R2,5,0.9126,0.9027,0.9058,0.9326,r2_p3,MAPGETRLRGVVPVKINLEGDVRGNRFRVVGEGEADFDTGDLTVTFTVTEGQLPLPPELVAFLASYGVLRLAGLPEDHPLRQRRVALLPRGYRIVRRVTIEGYGTFRLTEEVRFDGDTLVSDIRLEGLDVPEDLPLYPAPGPLRMVVSNRTITPDPEADGWIITYDLTFTLEGSDRVERLTLTLHVPREPPPEGEPLRLTATLDLTPSPADPTPVPVRVTIEEEAPQPLPTPAELLLL
Local R2,6,0.9125,0.9022,0.8992,0.9397,r2_p3,MKPGETRLTGVVPVRIVLRGDVRGNRFTVVGEGEADFDTGALTVTFRTTEGQLPLPPELVALLASYGVLELAGLPRDHPLRQRRVSLLPVGFEVERVVTIEGYGTFRLRERVYFDGDTLVSEVELTGLDVPADLPLYPAPGPLTMVVSDRRVEPDPEFDGWIITRTLTFTLEGSDTVSTLTLTERVPAEPPPPGEPLVRTLTVDLTPSADDPTKVPVTITIEEAEPRPLPLPAELLEL
Local R3,1,0.9272,0.9164,0.9162,0.9526,r3_p1,MPPGTVPLRGVRPVKIELDGDANGNKFRVEGEGEADFDTGDLTITFTTLEGQLPLPPELVALLASYGVLLLAWLPADDPRRRRLESLLPRGFRLRRRVTIEGYGTFTLTSDISLDGDTLVNRNRLSGLELPEGAPLYPAPEKLTMTVSNVTHSPNPADGGTVITATLTFTYEGSDRVLTHTLTLHLPGAPPPPGEPTRLTLTLDLYPSPDDPTPVPVRIVVEEEEPVPLPLPPAALLE
Local R3,2,0.92,0.9094,0.9125,0.9417,r3_p3,MPPGAIVLEGVVPVRITLDGDVRGNKFRLEGTGEANFDTGDLTVTFRTTEGKLPLPPELACLLASYGVLLLASLPKDHPWRRELEALLPVGFELDRTVTIEGYGTFRLRSRIYFDGDTLVNENTLEGLDVPEGVPLYEPPAELTMVVSNLTHAPNPEDGGLILTYTLTFRYAGSDRVETLTLTLHLPGEPPPPGEPRRLTLTVDLHPSPDDPTRVPVTITIEEAPPRPLPLPPALLLL
Local R3,3,0.9173,0.908,0.9104,0.9364,r3_p1,MAPGTVPLRGVRPVEIELEGDANGERFRVRGRGEADFDTGALEVDFTTLEGRLPLPPELVALLASYGVFLLASLPADDPRRRELEALLPRGFRLRRTVTIEGYGTFTLESEVSLEGDTLVNRNRLSGLEVPEGAPWYEAPRRLRLVRSDLTHAPNPEDGGTLVTSTLTFTYEGSDRVLTSTLTLRLPGEPPPPGEPLRLTLTVDLYPSPDDPTPVPVTITIEEAAPEPLPPPPEELLR
Local R3,4,0.915,0.9008,0.9061,0.9427,r3_p2,MAPGERPLTGVIPVKITLRGNVAGNEFEVVGEGEADFDTGDLRITFRTTKGKLPLPNELVALLASYGIILLASLPRDHPLRRRLEALLPRGFRLDRRVTIEGYGTFRLTSDIYFDGDTLVNDVTLSGLEVPEGAPFYEPPEALTMEVSDRTISPNPEDGGLVITLTLTFTVEGSDIVTTHTLTIEIPGAPPPPGEPLRLRLTVTLLPSPDDPTPVPVRIDIETAEPRPLPPPPPPPAL
Local R3,5,0.9061,0.8943,0.8965,0.9314,r3_p3,MPPGAIRLEGVIPVKVTLKGDVKGNKFTVEGEGEADFDTGDLTLTFTTTEGKLPLPPELVCLLASYGILLLASLPRDHPLRQELEALLPVGFRLDRTVTIEGYGTFRLTSDIYFDGDTLVNDNTLEGLDVPDGVPLYEPPEKLTMTVSDLTHAPDPENGGLILSYTLTFRYEGSDRVETLTLVLHLPGEPPPPGEPLRLTLTVDLHPSPDDPTKVPVTITIEEAPPRPLPLPPELLLL
Local R3,6,0.9054,0.8901,0.9007,0.9306,r3_p2,MPPGARPLTGVIPVKITLTGNVDGNKFKVVGEGEADFDTGDLTIVFTTTEGKLPLPPELVALLASYGIILLASLPKDDPRRAELESLLPRGFVLDRTVTIEGYGTFTLTSRIYFDGDTLVNDVELSGLKVPEGQPFYEGPEKLTMKVSDVTISPDPEDGGTVITMTLTFTVEGSDRVETHTLTIRIPGAPPPPGEPLRLTLTLTLLPSPDDPTPVPVRITVEEAPPRPLPPPPPPPPL
